<?xml version="1.0" encoding="UTF-8"?>
<!--
  ~ Copyright (C) 2001-2016 Food and Agriculture Organization of the
  ~ United Nations (FAO-UN), United Nations World Food Programme (WFP)
  ~ and United Nations Environment Programme (UNEP)
  ~
  ~ This program is free software; you can redistribute it and/or modify
  ~ it under the terms of the GNU General Public License as published by
  ~ the Free Software Foundation; either version 2 of the License, or (at
  ~ your option) any later version.
  ~
  ~ This program is distributed in the hope that it will be useful, but
  ~ WITHOUT ANY WARRANTY; without even the implied warranty of
  ~ MERCHANTABILITY or FITNESS FOR A PARTICULAR PURPOSE. See the GNU
  ~ General Public License for more details.
  ~
  ~ You should have received a copy of the GNU General Public License
  ~ along with this program; if not, write to the Free Software
  ~ Foundation, Inc., 51 Franklin St, Fifth Floor, Boston, MA 02110-1301, USA
  ~
  ~ Contact: Jeroen Ticheler - FAO - Viale delle Terme di Caracalla 2,
  ~ Rome - Italy. email: geonetwork@osgeo.org
  -->

<schema xmlns:xsi="http://www.w3.org/2001/XMLSchema-instance"
        xmlns="http://geonetwork-opensource.org/schemas/schema-ident"
        xsi:schemaLocation="http://geonetwork-opensource.org/schemas/schema-ident http://geonetwork-opensource.org/schemas/schema-ident/schema-ident.xsd">
  <name>iso19139.nrw</name>
  <id>c9054754-5692-4189-9ac2-e95cf404a470</id>
  <version>1.0</version>
  <appMinorVersionSupported>4.2.0</appMinorVersionSupported>
  <title>Natural Resources Wales Metadata Profile v1.0</title>
  <description>Natural Resources Wales Metadata Profile based on ISO19139:2007</description>
  <standardUrl>https://github.com/AstunTechnology/iso19139.nrw</standardUrl>
  <depends>iso19139</depends>
  <!-- 19139:2007 version -->
  <schemaLocation>http://naturalresources.wales/nrw http://naturalresources.wales/nrw/nrw1.xsd http://www.isotc211.org/2005/gmd http://schemas.opengis.net/csw/2.0.2/profiles/apiso/1.0.0/apiso.xsd</schemaLocation>
    <autodetect xmlns:gmd="http://www.isotc211.org/2005/gmd" xmlns:gco="http://www.isotc211.org/2005/gco" xmlns:gmx="http://www.isotc211.org/2005/gmx" xmlns:xlink="http://www.w3.org/1999/xlink">
        <elements>
            <gmd:metadataStandardName>
                <gmx:Anchor xlink:href="http://vocab.nerc.ac.uk/collection/M25/current/NRW/">NRW</gmx:Anchor>
            </gmd:metadataStandardName>
            <gmd:metadataStandardVersion>
                <gco:CharacterString>1.0</gco:CharacterString>
            </gmd:metadataStandardVersion>
        </elements>
    </autodetect>
</schema>
